,ind,gen,sp,ssp,en,url,file,lic,wiki,ebird_code
1,85,Coccothraustes,coccothraustes,,Hawfinch,https://upload.wikimedia.org/wikipedia/commons/8/85/Coccothraustes_coccothraustes_Parco_Della_Piana_around_Firenze%2C_Italy.jpg,none,Wikimedia Commons,,cocccocc
2,18,Crex,Crex,,Corn crake,https://www.naturepl.com/cache/pcache2/00575896.jpg,none,Nature Picture Library,,crexcrex
3,88,Emberiza,citrinella,,Yellowhammer,"https://res.cloudinary.com/fleetnation/image/private/c_fit,w_1120/g_south,l_text:style_gothic2:%C2%A9%20AGAMI,o_20,y_10/g_center,l_watermark4,o_25,y_50/v1559817731/cptw489f1fnkujkfk1re.jpg",none,Picfair,,embecitr
4,23,Ficedula,parva,,Red-breasted Flycatcher,https://i.pinimg.com/originals/ab/b6/87/abb68708bf9c4a5fe7c44028bd960912.jpg,none,Amit Pawashe,,ficeparv
5,68,Fringilla,coelebs,,Common Chaffinch,https://www.tiplingprints.com/p/424/chaffinch-finch-bird-male-fringilla-coelebs-8952411.jpg,none,David Tipling,,frincoel
6,65,Luscinia,megarhynchos,,Common Nightingale,https://image.freepik.com/free-photo/common-nightingale-birds-song-birds-luscinia-megarhynchos_153442-1363.jpg,none,Freepik,,luscmega
7,63,Passer,domesticus,,House Sparrow,https://media.gettyimages.com/photos/house-sparrow-passer-domesticus-world-sparrow-day-picture-id1208171480,none,Gettyimages,,passdome
8,40,Sitta,europaea,,Eurasian Nuthatch,https://media.featherbase.info/images/000479_full.jpg,none,digicamfotos.ch,,sitteuro
9,59,Troglodytes,troglodytes,,Eurasian wren,https://s3.envato.com/files/295945104/DSC07603%201_KW.jpg,none,DennisJacobsen,,trogtrog
10,82,Turdus,iliacus,,Redwing,https://media.gettyimages.com/photos/redwing-turdus-iliacus-skgarrstur-picture-id156266631,none,Gettyimages,,turdilia
11,81,Turdus,philomelos,,Song Thrush,https://a4.pbase.com/o10/09/881409/1/166916957.3I3xYeBB.tordobottaccio2722.jpg,none,Carlo Galliani,,turdphil
12,35,Parus,major,,Great tit,https://talesofnature.com/wp-content/uploads/2017/04/Koolmees-03-791x1024.jpg,none,Mike Melis,,parumajo
13,54,Pica,pica,,Eurasian Magpie,https://static1.bigstockphoto.com/4/9/2/large1500/294799966.jpg,none,Big Stock Photo,,picapica
14,14,Athene,noctua,,Little Owl,https://www.naturepl.com/cache/pcache2/01400259.jpg,none,Andy Rouse,,athenoct
15,62,Erithacus,rubecula,,European Robin,https://www.naturepl.com/cache/pcache2/00583351.jpg,none,Nature Picture Library,,eritrube
16,17,Phylloscopus,collybita,,Common Chiffchaff,https://image.freepik.com/free-photo/common-chiffchaff-sitting-pine-branch_260896-61.jpg,none,Freepik,,phylcoll
17,19,Phylloscopus,trochilus,,Willow warbler,https://upload.wikimedia.org/wikipedia/commons/5/5b/Willow_Warbler_Phylloscopus_trochilus.jpg,none,Wikimedia Commons,,phyltroc
18,26,Picus,canus,,Grey-headed woodpecker,https://www.naturepl.com/cache/pcache2/00442012.jpg,none,Nature Picture Library,,picucanu
19,51,Garrulus,glandarius,,Eurasian jay,https://previews.123rf.com/images/jmrocek/jmrocek2001/jmrocek200100133/138280179-vertical-composition-of-eurasian-jay-garrulus-glandarius-sitting-on-moss-covered-trunk-in-autumn-for.jpg,none,123RF.com,,garrglan
20,45,Hirundo,rustica,,Barn swallow,https://www.naturepl.com/cache/pcache2/01354948.jpg,none,Nature Picture Library,,hirurust
21,,Acrocephalus,arundinaceus,,Great Reed Warbler,https://upload.wikimedia.org/wikipedia/commons/0/03/Drosselrohrs%C3%A4nger_Great_reed_warbler.jpg,none,Wikimedia Commons,,acroarun
22,,Acrocephalus,dumetorum,,Blyth's Reed Warbler,https://upload.wikimedia.org/wikipedia/commons/thumb/8/8e/Blyth%27s_Reed_Warbler_%28Acrocephalus_dumetorum%29_%E0%B4%88%E0%B4%B1%E0%B5%8D%E0%B4%B1%E0%B4%AA%E0%B5%8A%E0%B4%B3%E0%B4%AA%E0%B5%8D%E0%B4%AA%E0%B5%BB._%2832384189820%29.jpg/400px-Blyth%27s_Reed_Warbler_%28Acrocephalus_dumetorum%29_%E0%B4%88%E0%B4%B1%E0%B5%8D%E0%B4%B1%E0%B4%AA%E0%B5%8A%E0%B4%B3%E0%B4%AA%E0%B5%8D%E0%B4%AA%E0%B5%BB._%2832384189820%29.jpg,none,Wikimedia Commons,,acrodume
23,,Acrocephalus,palustris,,Marsh Warbler,https://upload.wikimedia.org/wikipedia/commons/thumb/1/1b/Acrocephalus_palustris_Irpin2.JPG/800px-Acrocephalus_palustris_Irpin2.JPG,none,Wikimedia Commons,,acropalu
24,,Acrocephalus,schoenobaenus,,Sedge Warbler,https://warehouse1.indicia.org.uk/upload/o_1aksv7lds5mta8d1tkn1d8n1qv0m.jpg,none,Brian and Liz Nicholls,,acroscho
25,,Acrocephalus,scirpaceus,,Eurasian Reed Warbler,https://www.natureplprints.com/p/729/reed-warbler-acrocephalus-scirpaceus-18124044.jpg,none,Nature Picture Library,,acroscir
26,,Actitis,hypoleucos,,Common Sandpiper,https://upload.wikimedia.org/wikipedia/commons/thumb/9/9b/Common_Sandpiper%2C_Actitis_hypoleucos%2C_Chobe_National_Park%2C_Botswana_%2836684180261%29.jpg/600px-Common_Sandpiper%2C_Actitis_hypoleucos%2C_Chobe_National_Park%2C_Botswana_%2836684180261%29.jpg,none,Wikimedia Commons,,actihypo
27,,Aegithalos,caudatus,,Long-tailed Tit,https://i.pinimg.com/originals/fb/3c/8c/fb3c8c2338484104b1f59043e6846414.jpg,none,Ggam,,aegicaud
28,,Aegolius,funereus,,Boreal Owl,https://upload.wikimedia.org/wikipedia/commons/1/17/Aegolius-funereus-001.jpg,none,Wikimedia Commons,,aegofune
29,,Alauda,arvensis,,Eurasian Skylark,https://a4.pbase.com/o2/60/469160/1/124043345.4FZwakTE.Allodola11.jpg,none,Daniele Occhiato�,,alauarve
30,,Alcedo,atthis,,Common Kingfisher,https://upload.wikimedia.org/wikipedia/commons/thumb/c/cc/Common_Kingfisher_Alcedo_atthis.jpg/480px-Common_Kingfisher_Alcedo_atthis.jpg,none,Wikimedia Commons,,alceatth
31,,Anas,platyrhynchos,,Mallard,https://upload.wikimedia.org/wikipedia/commons/thumb/b/bf/Anas_platyrhynchos_male_female_quadrat.jpg/1024px-Anas_platyrhynchos_male_female_quadrat.jpg,none,Wikimedia Commons,,anasplat
32,,Anser,anser,,Greylag Goose,https://upload.wikimedia.org/wikipedia/commons/thumb/5/57/Greylag_Goose_-_St_James%27s_Park%2C_London_-_Nov_2006.jpg/1200px-Greylag_Goose_-_St_James%27s_Park%2C_London_-_Nov_2006.jpg,none,Wikimedia Commons,,anseanse
33,,Anthus,pratensis,,Meadow Pipit,https://upload.wikimedia.org/wikipedia/commons/thumb/0/02/Meadow_Pipit_by_Jenny_Jones.jpg/1200px-Meadow_Pipit_by_Jenny_Jones.jpg,none,Wikimedia Commons,,anthprat
34,,Anthus,spinoletta,,Water Pipit,https://upload.wikimedia.org/wikipedia/commons/2/24/Anthus_spinoletta_-_Water_Pipit%2C_Kahramanmara%C5%9F_2016-11-18_01-10.jpg,none,Wikimedia Commons,,anthspin
35,,Anthus,trivialis,,Tree Pipit,https://upload.wikimedia.org/wikipedia/commons/d/db/Anthus_triviallis_%28Marek_Szczepanek%29.jpg,none,Wikimedia Commons,,anthtriv
36,,Asio,otus,,Long-eared Owl,https://cdn.britannica.com/97/117197-004-785AD006/Long-eared-owl.jpg,none,Britannica,,asiootus
37,,Branta,canadensis,,Canada Goose,https://upload.wikimedia.org/wikipedia/commons/6/65/Branta_canadensis_%285%29.JPG,none,Wikimedia Commons,,brancana
38,,Calcarius,lapponicus,,Lapland Longspur,https://quiz.natureid.no/bird/db_media/eBook/840cea8654638901ae4ebcad84cf2bf158e92197.jpg,none,BirdID,,calclapp
39,,Caprimulgus,europaeus,,European Nightjar,https://cdn.britannica.com/90/138890-050-A0EB4410/nightjar.jpg,none,Britannica,,capreuro
40,,Carduelis,carduelis,,European Goldfinch,https://upload.wikimedia.org/wikipedia/commons/6/65/Carduelis_carduelis_1.jpg,none,Wikimedia Commons,,cardcard
41,,Carpodacus,erythrinus,,Common Rosefinch,https://pticefauneevrope.files.wordpress.com/2012/01/scarlet-rosefinch-carpodacus-erythrinus.jpg,none,Pticefauneevrope,,carperyt
42,,Certhia,brachydactyla,,Short-toed Treecreeper,https://upload.wikimedia.org/wikipedia/commons/8/8b/Short-toed_Treecreeper_%28Certhia_brachydactyla%29_%28cropped_version%29.jpg,none,Wikimedia Commons,,certbrac
43,,Certhia,familiaris,,Eurasian Treecreeper,https://upload.wikimedia.org/wikipedia/commons/f/fc/Certhia-americana-001.jpg,none,Wikimedia Commons,,certfami
44,,Cettia,cetti,,Cetti's Warbler,https://www.oiseaux.net/photos/aurelien.audevard/images/bouscarle.de.cetti.auau.1g.jpg,none,Oiseaux,,cettcett
45,,Charadrius,dubius,,Little Ringed Plover,https://www.naturemobile.org/media/species/images_360/1200050.jpg,none,Nature Mobile,,chardubi
46,,Cisticola,juncidis,,Zitting Cisticola,https://cdn.download.ams.birds.cornell.edu/api/v1/asset/256553581/1800,none,Cornell,,cistjunc
47,,Corvus,corax,,Northern Raven,https://i.pinimg.com/originals/03/46/d6/0346d6c8c969ae3548f74a71ac343852.jpg,none,Pinterest,,corvcora
48,,Cuculus,canorus,,Common Cuckoo,https://upload.wikimedia.org/wikipedia/commons/1/14/Cuculus_canorus_vogelartinfo_chris_romeiks_CHR0791_cropped.jpg,none,Wikimedia Commons,,cucucano
49,,Cygnus,cygnus,,Whooper Swan,https://upload.wikimedia.org/wikipedia/commons/1/1c/Cygnus_cygnus_Singschwan.jpg,none,Wikimedia Commons,,cygncygn
50,,Dryocopus,martius,,Black Woodpecker,https://www.oiseaux.net/photos/marc.fasol/images/pic.noir.mafa.11g.jpg,none,Oiseaux,,dryomart
51,,Egretta,garzetta,,Little Egret,https://upload.wikimedia.org/wikipedia/commons/f/f1/Little_egret_%28Egretta_garzetta%29_Photograph_by_Shantanu_Kuveskar.jpg,none,Wikimedia Commons,,egregarz
52,,Emberiza,calandra,,Corn Bunting,https://upload.wikimedia.org/wikipedia/commons/f/f3/Emberiza_calandra_-Jardin_des_Plantes%2C_Paris%2C_France-8.jpg,none,Wikimedia Commons,,embecala
53,,Emberiza,cirlus,,Cirl Bunting,https://upload.wikimedia.org/wikipedia/commons/e/e0/Emberiza_cirlus_-Valencian_Community%2C_Spain_-female-8.jpg,none,Wikimedia Commons,,embecirl
54,,Emberiza,hortulana,,Ortolan Bunting,https://www.naturemobile.org/media/species/images_360/1200123.jpg,none,Nature Mobile,,embehort
55,,Emberiza,schoeniclus,,Common Reed Bunting,https://i.pinimg.com/originals/93/51/10/935110ac1d9757076cc8b5d6da1a4216.png,none,Pinterest,,embescho
56,,Ficedula,hypoleuca,,European Pied Flycatcher,https://upload.wikimedia.org/wikipedia/commons/5/53/Ficedula_hypoleuca_-Wood_of_Cree_Nature_Reserve%2C_Scotland_-male-8a.jpg,none,Wikimedia Commons,,ficehypo
57,,Fulica,atra,,Eurasian Coot,https://upload.wikimedia.org/wikipedia/commons/7/73/Fulica_atra%2C_Bl%C3%A4sshuhn_am_Adenauer-Weiher.jpg,none,Wikimedia Commons,,fuliatra
58,,Gallinula,chloropus,,Common Moorhen,https://upload.wikimedia.org/wikipedia/commons/7/7a/Gallinula_chloropus_PC085754_MASTER.jpg,none,Wikimedia Commons,,gallchlo
59,,Grus,grus,,Common Crane,https://upload.wikimedia.org/wikipedia/commons/f/fd/Common_crane_grus_grus.jpg,none,Wikimedia Commons,,grusgrus
60,,Himantopus,himantopus,,Black-winged Stilt,http://images.marinespecies.org/thumbs/99096_himantopus-himantopus.jpg?w=600,none,Marine Species,,himahima
61,,Hippolais,icterina,,Icterine Warbler,https://a4.pbase.com/g10/66/725466/2/167789835.aK14pHXl.jpg,none,Pbase,,hippicte
62,,Hippolais,polyglotta,,Melodious Warbler,https://upload.wikimedia.org/wikipedia/commons/b/b3/Melodious_warbler_%28Hippolais_polyglotta%29%2C_Le_Petit_Loc%27h%2C_Guidel%2C_Brittany%2C_France_%2819972894766%29_%28cropped%29.jpg,none,Wikimedia Commons,,hipppoly
63,,Locustella,fluviatilis,,River Warbler,https://www.naturephoto-cz.com/photos/mraz/eurasian-river-warbler-19x_17a793.jpg,none,NaturePhoto,,locufluv
64,,Locustella,luscinioides,,Savi's Warbler,https://upload.wikimedia.org/wikipedia/commons/8/84/Locustellaluscinioides.jpg,none,Wikimedia Commons,,loculusc
65,,Locustella,naevia,,Common Grasshopper Warbler,https://upload.wikimedia.org/wikipedia/commons/c/c3/Grashoppsangare-070512.jpg,none,Wikimedia Commons,,locunaev
66,,Loxia,curvirostra,,Red Crossbill,https://pticefauneevrope.files.wordpress.com/2012/01/crossbill-loxia-curvirostra1.jpg?w=584,none,Pticefauneevrope,,loxicurv
67,,Lullula,arborea,,Woodlark,https://upload.wikimedia.org/wikipedia/commons/9/96/Lullula_arborea_%28J%C3%A1n_Svetl%C3%ADk%29.jpg,none,Wikimedia Commons,,lullarbo
68,,Luscinia,svecica,,Bluethroat,http://media.featherbase.info/images/000558_full.jpg,none,Featherbase,,luscsvec
69,,Motacilla,alba,,White Wagtail,https://upload.wikimedia.org/wikipedia/commons/thumb/4/4c/2014-04-21_Motacilla_alba_yarrellii%2C_Harthope_1.jpg/1200px-2014-04-21_Motacilla_alba_yarrellii%2C_Harthope_1.jpg,none,Wikimedia Commons,,motaalba
70,,Motacilla,flava,,Western Yellow Wagtail,https://upload.wikimedia.org/wikipedia/commons/6/67/Wiesenschafstelze.JPG,none,Wikimedia Commons,,motaflav
71,,Numenius,arquata,,Eurasian Curlew,https://upload.wikimedia.org/wikipedia/commons/2/2c/Eurasian_Curlew.jpg,none,Wikimedia Commons,,numearqu
72,,Numenius,phaeopus,,Whimbrel,https://upload.wikimedia.org/wikipedia/commons/0/0c/Whimbrel_Numenius_phaeopus.jpg,none,Wikimedia Commons,,numephae
73,,Otus,scops,,Eurasian Scops Owl,https://eunis.eea.europa.eu/images/species//1174/otus_scops_tunka.jpg,none,European Environment Agency,,otusscop
74,,Passer,montanus,,Eurasian Tree Sparrow,https://upload.wikimedia.org/wikipedia/commons/thumb/7/73/Tree_Sparrow_Japan_Flip.jpg/1200px-Tree_Sparrow_Japan_Flip.jpg,none,Wikimedia Commons,,passmont
75,,Phoenicurus,ochruros,,Black Redstart,https://upload.wikimedia.org/wikipedia/commons/thumb/1/14/Hausrotschwanz_Brutpflege_2006-05-21-05.jpg/1200px-Hausrotschwanz_Brutpflege_2006-05-21-05.jpg,none,Wikimedia Commons,,phoeochr
76,,Phoenicurus,phoenicurus,,Common Redstart,https://upload.wikimedia.org/wikipedia/commons/0/0a/Black_Redstart_I2_IMG_0862.jpg,none,Wikimedia Commons,,phoephoe
77,,Phylloscopus,bonelli,,Western Bonelli's Warbler,https://a4.pbase.com/o10/60/469160/1/167932122.srDlLryj.Lubianco18.jpg,none,Pbase,,phylbone
78,,Phylloscopus,sibilatrix,,Wood Warbler,https://upload.wikimedia.org/wikipedia/commons/1/13/Phylloscopus_sibilatrix_2011-05-30.jpg,none,Wikimedia Commons,,phylsibi
79,,Picus,viridis,,European Green Woodpecker,https://upload.wikimedia.org/wikipedia/commons/thumb/c/cd/%D0%96%D0%BE%D0%B2%D0%BD%D0%B0_%D0%B7%D0%B5%D0%BB%D0%B5%D0%BD%D0%B0_%28Picus_viridis%29.jpg/1200px-%D0%96%D0%BE%D0%B2%D0%BD%D0%B0_%D0%B7%D0%B5%D0%BB%D0%B5%D0%BD%D0%B0_%28Picus_viridis%29.jpg,none,Wikimedia Commons,,picuviri
80,,Pluvialis,apricaria,,European Golden Plover,https://upload.wikimedia.org/wikipedia/commons/1/11/Kul%C3%ADk_zlat%C3%BD_%28Pluvialis_apricaria%29_a_%283949776435%29.jpg,none,Wikimedia Commons,,pluvapri
81,,Prunella,modularis,,Dunnock,https://upload.wikimedia.org/wikipedia/commons/7/72/Dunnock_crop2.jpg,none,Wikimedia Commons,,prunmodu
82,,Pyrrhula,pyrrhula,,Eurasian Bullfinch,https://upload.wikimedia.org/wikipedia/commons/d/de/Bullfinch_male.jpg,none,Wikimedia Commons,,pyrrpyrr
83,,Rallus,aquaticus,,Water Rail,https://upload.wikimedia.org/wikipedia/commons/4/4c/Ralaqu.jpg,none,Wikimedia Commons,,rallaqua
84,,Regulus,regulus,,Goldcrest,https://upload.wikimedia.org/wikipedia/commons/3/3b/Regulus_regulus_60North_cropped.jpg,none,Wikimedia Commons,,reguregu
85,,Saxicola,rubetra,,Whinchat,https://upload.wikimedia.org/wikipedia/commons/e/e6/Saxicola_rubetra_-Belgium_-male-8-cropped.jpeg,none,Wikimedia Commons,,saxirube
86,,Serinus,serinus,,European Serin,https://upload.wikimedia.org/wikipedia/commons/f/fb/Girlitz_Serinus_serinus.jpg,none,Wikimedia Commons,,seriseri
87,,Sterna,hirundo,,Common Tern,https://upload.wikimedia.org/wikipedia/commons/c/c6/Sterna_hirundo_in_Finland.jpg,none,Wikimedia Commons,,sterhiru
88,,Strix,aluco,,Tawny Owl,https://upload.wikimedia.org/wikipedia/commons/5/55/Strix_aluco_3_%28Martin_Mecnarowski%29.jpg,none,Wikimedia Commons,,strialuc
89,,Sturnus,vulgaris,,Common Starling,https://upload.wikimedia.org/wikipedia/commons/thumb/7/7d/Toulouse_-_Sturnus_vulgaris_-_2012-02-26_-_3.jpg/1200px-Toulouse_-_Sturnus_vulgaris_-_2012-02-26_-_3.jpg,none,Wikimedia Commons,,sturvulg
90,,Sylvia,atricapilla,,Eurasian Blackcap,https://upload.wikimedia.org/wikipedia/commons/3/30/Sylvia_atricapilla_male_2.jpg,none,Wikimedia Commons,,sylvatri
91,,Sylvia,borin,,Garden Warbler,https://i.guim.co.uk/img/media/6ba5ee2b73a60f9dfd1ce0a5f1ca55622692410d/0_175_5315_3192/master/5315.jpg?width=1200&height=1200&quality=85&auto=format&fit=crop&s=430149ad40b8a8b511e60e2098c8dbc1,none,The Guardian,,sylvbori
92,,Sylvia,communis,,Common Whitethroat,https://upload.wikimedia.org/wikipedia/commons/thumb/a/a4/Flickr_-_Rainbirder_-_Common_Whitethroat_%28Sylvia_communis%29.jpg/800px-Flickr_-_Rainbirder_-_Common_Whitethroat_%28Sylvia_communis%29.jpg,none,Wikimedia Commons,,sylvcomm
93,,Sylvia,curruca,,Lesser Whitethroat,https://upload.wikimedia.org/wikipedia/commons/2/2b/Sylvia_curruca_1_%28Martin_Mecnarowski%29.jpg,none,Wikimedia Commons,,sylvcurr
94,,Sylvia,melanocephala,,Sardinian Warbler,https://upload.wikimedia.org/wikipedia/commons/e/e1/Sardinian_Warbler.jpg,none,Wikimedia Commons,,sylvmela
95,,Tachybaptus,ruficollis,,Little Grebe,https://upload.wikimedia.org/wikipedia/commons/1/12/Little_Grebe_%28Tachybaptus_ruficollis%29-_Breeding_plumage_W2_IMG_8770.jpg,none,Wikimedia Commons,,tachrufi
96,,Tringa,glareola,,Wood Sandpiper,https://upload.wikimedia.org/wikipedia/commons/8/87/Wood_Sandpiper_Safari_Park.jpg,none,Wikimedia Commons,,tringlar
97,,Tringa,ochropus,,Green Sandpiper,https://upload.wikimedia.org/wikipedia/commons/7/70/Green_sandpiper_%28Tringa_ochropus%29.jpg,none,Wikimedia Commons,,trinochr
98,,Tringa,totanus,,Common Redshank,https://upload.wikimedia.org/wikipedia/commons/thumb/4/4e/Common_Redshank_Tringa_totanus.jpg/1200px-Common_Redshank_Tringa_totanus.jpg,none,Wikimedia Commons,,trintota
99,,Turdus,merula,,Common Blackbird,https://upload.wikimedia.org/wikipedia/commons/a/a9/Common_Blackbird.jpg,none,Wikimedia Commons,,turdmeru
100,,Turdus,pilaris,,Fieldfare,https://upload.wikimedia.org/wikipedia/commons/1/19/Bj%C3%B6rktrast_%28Turdus_pilaris%29-4.jpg,none,Wikimedia Commons,,turdpila
101,,Tyto,alba,,Western Barn Owl,https://upload.wikimedia.org/wikipedia/commons/c/c6/Tyto_alba_-British_Wildlife_Centre%2C_Surrey%2C_England-8a_%281%29.jpg,none,Wikimedia Commons,,tytoalba
102,,Vanellus,vanellus,,Northern Lapwing,https://upload.wikimedia.org/wikipedia/commons/b/bd/Northern_Lapwing_%28Vanellus_vanellus%29.jpg,none,Wikimedia Commons,,vanevane
103,,Accipiter,gentilis,,Northern Goshawk,https://upload.wikimedia.org/wikipedia/commons/8/81/Northern_Goshawk_ad_M2.jpg,none,Wikimedia Commons,,accigent
104,,Anser,albifrons,,Greater White-fronted Goose,https://upload.wikimedia.org/wikipedia/commons/thumb/d/d6/Greater_white-fronted_goose_%28cropped%29.jpg/1200px-Greater_white-fronted_goose_%28cropped%29.jpg,none,Wikimedia Commons,,ansealbi
105,,Anthus,campestris,,Tawny Pipit,https://www.worldbirdphotos.com/wp-content/uploads/2015/06/BSC21703e-Pipit-Tawny-juv1-Nalsarovar-Gujarat-India-Dec11-PH7_6126.jpg,none,WorldBirdPhotos,,anthcamp
106,,Apus,apus,,Common Swift,https://i.pinimg.com/originals/07/5f/8d/075f8d578199b947d324b070e7383631.jpg,none,Pinterest,,apusapus
107,,Bombycilla,garrulus,,Bohemian Waxwing,https://upload.wikimedia.org/wikipedia/commons/9/9d/Bombycilla_garrulus%2C_Saint_Petersburg_3.jpg,none,Wikimedia Commons,,bombgarr
108,,Botaurus,stellaris,,Eurasian Bittern,https://upload.wikimedia.org/wikipedia/commons/6/64/Bittern_-_Botaurus_stellaris.jpg,none,Wikimedia Commons,,botastel
109,,Branta,leucopsis,,Barnacle Goose,https://upload.wikimedia.org/wikipedia/commons/f/f5/Barnacle-Goose.jpg,none,Wikimedia Commons,,branleuc
110,,Bubo,bubo,,Eurasian Eagle-Owl,https://upload.wikimedia.org/wikipedia/commons/8/8d/Bubo_bubo_winter_1.jpg,none,Wikimedia Commons,,bubobubo
111,,Burhinus,oedicnemus,,Eurasian Stone-curlew,https://upload.wikimedia.org/wikipedia/commons/d/d8/Burhinus_oedicnemus_insularum_Lanzarote_1.jpg,none,Wikimedia Commons,,burhoedi
112,,Buteo,buteo,,Common Buzzard,https://upload.wikimedia.org/wikipedia/commons/c/cd/Buteo_buteo_-Netherlands-8.jpg,none,Wikimedia Commons,,butebute
113,,Calidris,alpina,,Dunlin,https://upload.wikimedia.org/wikipedia/commons/6/62/Calidris-alpina-001_edit.jpg,none,Wikimedia Commons,,calialpi
114,,Charadrius,hiaticula,,Common Ringed Plover,https://upload.wikimedia.org/wikipedia/commons/5/5a/Ringed_Plover_%28Charadrius_hiaticula%29_%2811%29.jpg,none,Wikimedia Commons,,charhiat
115,,Columba,palumbus,,Common Wood Pigeon,https://upload.wikimedia.org/wikipedia/commons/thumb/f/f5/Columba_palumbus_-garden_post-8.jpg/1200px-Columba_palumbus_-garden_post-8.jpg,none,Wikimedia Commons,,colupalu
116,,Corvus,frugilegus,,Rook,https://upload.wikimedia.org/wikipedia/commons/thumb/6/6f/Corvus_frugilegus_2.jpg/1200px-Corvus_frugilegus_2.jpg,none,Wikimedia Commons,,corvfrug
117,,Coturnix,coturnix,,Common Quail,https://upload.wikimedia.org/wikipedia/commons/d/df/Harlequin_Quail_%28Coturnix_delegorguei%29_%286035291347%29.jpg,none,Wikimedia Commons,,cotucotu
118,,Cygnus,olor,,Mute Swan,https://upload.wikimedia.org/wikipedia/commons/3/35/Mute_swan_Vrhnika.jpg,none,Wikimedia Commons,,cygnolor
119,,Elanus,caeruleus,,Black-winged Kite,https://upload.wikimedia.org/wikipedia/commons/4/43/Black-shouldered_Kite_%28Elanus_caeruleus%29_in_Kawal_WS%2C_AP_W_IMG_1681.jpg,none,Wikimedia Commons,,elancaer
120,,Emberiza,cia,,Rock Bunting,https://eunis.eea.europa.eu/images/species//1020/emberiza_cia_m_pelanek.jpg,none,Eunis,,embecia
121,,Eremophila,alpestris,,Horned Lark,https://upload.wikimedia.org/wikipedia/commons/5/54/Shore_Lark.jpg,none,Wikimedia Commons,,eremalpe
122,,Falco,peregrinus,,Peregrine Falcon,https://upload.wikimedia.org/wikipedia/commons/9/9a/Falco_peregrinus_good_-_Christopher_Watson.jpg,none,Wikimedia Commons,,falcpere
123,,Falco,tinnunculus,,Common Kestrel,https://upload.wikimedia.org/wikipedia/commons/2/24/Common_kestrel_falco_tinnunculus.jpg,none,Wikimedia Commons,,falctinn
124,,Fringilla,montifringilla,,Brambling,https://upload.wikimedia.org/wikipedia/commons/thumb/c/c9/Fringilla_montifringilla_-Poland_-male-8.jpg/800px-Fringilla_montifringilla_-Poland_-male-8.jpg,none,Wikimedia Commons,,frinmont
125,,Galerida,cristata,,Crested Lark,https://quiz.natureid.no/bird/db_media/eBook/679edc606d9a363f775dabf0497d31de8c3d7060.jpg,none,BirdID,,galecris
126,,Galerida,theklae,,Thekla's Lark,https://upload.wikimedia.org/wikipedia/commons/f/f6/Thekla%27s_lark_-_Theklaleeuwerik_-_Galerida_theklae_01.jpg,none,Wikimedia Commons,,galethek
127,,Glaucidium,passerinum,,Eurasian Pygmy Owl,https://upload.wikimedia.org/wikipedia/commons/c/c8/Glaucidium_passerinum_20110413.jpg,none,Wikimedia Commons,,glaupass
128,,Jynx,torquilla,,Eurasian Wryneck,https://www.monaconatureencyclopedia.com/wp-content/uploads/2015/07/jynx_torquilla_e_un_insolito_mimetico_parente_del_picchio.jpg,none,Monaco Nature Encyclopedia,,jynxtorq
129,,Lanius,collurio,,Red-backed Shrike,https://upload.wikimedia.org/wikipedia/commons/e/e1/Lanius_collurio%2C_Kruger_NP_%2831035578037%29.jpg,none,Wikimedia Commons,,lanicoll
130,,Lanius,excubitor,,Great Grey Shrike,https://upload.wikimedia.org/wikipedia/commons/4/44/Lanius_excubitor_1_%28Marek_Szczepanek%29.jpg,none,Wikimedia Commons,,laniexcu
131,,Larus,argentatus,,European Herring Gull,https://upload.wikimedia.org/wikipedia/commons/7/7f/Larus_argentatus_ad.jpg,none,Wikimedia Commons,,laruarge
132,,Larus,canus,,Mew Gull,https://quiz.natureid.no/bird/db_media/eBook/0810e120254f0ffcb20dddc4048a8b59c597996a.jpg,none,BirdID,,larucanu
133,,Limosa,limosa,,Black-tailed Godwit,https://upload.wikimedia.org/wikipedia/commons/4/40/Black-tailed_Godwit_Uferschnepfe.jpg,none,Wikimedia Commons,,limolimo
134,,Loxia,leucoptera,,Two-barred Crossbill,https://upload.wikimedia.org/wikipedia/commons/4/46/Whitewingedcrossbillmale09.jpg,none,Wikimedia Commons,,loxileuc
135,,Luscinia,luscinia,,Thrush Nightingale,https://upload.wikimedia.org/wikipedia/commons/thumb/f/f9/Nightingale_of_ancient_Uglich.JPG/1200px-Nightingale_of_ancient_Uglich.JPG,none,Wikimedia Commons,,lusclusc
136,,Melanocorypha,calandra,,Calandra Lark,https://a4.pbase.com/o3/60/469160/1/125212358.lwKX3kWy.Calandra9.jpg,none,Daniele Occhiato�,,melacala
137,,Merops,apiaster,,European Bee-eater,https://cdn.download.ams.birds.cornell.edu/api/v1/asset/255125821/900,none,BirdID,,meroapia
138,,Motacilla,cinerea,,Grey Wagtail,https://upload.wikimedia.org/wikipedia/commons/6/6a/Grey_Wagtail_Motacilla_cinerea%2C_Nepal_19_cm.jpg,none,Wikimedia Commons,,motacine
139,,Muscicapa,striata,,Spotted Flycatcher,https://upload.wikimedia.org/wikipedia/commons/9/93/Spotted_flycatcher_%28Muscicapa_striata_neumanni%29.jpg,none,Wikimedia Commons,,muscstri
140,,Nucifraga,caryocatactes,,Spotted Nutcracker,https://upload.wikimedia.org/wikipedia/commons/f/f7/Orzech%C3%B3wka_zwyczajna_nad_Morskim_Okiem.jpg,none,Wikimedia Commons,,nucicary
141,,Nycticorax,nycticorax,,Black-crowned Night Heron,https://upload.wikimedia.org/wikipedia/commons/2/22/Nycticorax-nycticorax-004.jpg,none,Wikimedia Commons,,nyctnyct
142,,Oenanthe,oenanthe,,Northern Wheatear,https://upload.wikimedia.org/wikipedia/commons/0/0c/Steinschmaetzer_Northern_wheatear_male.jpg,none,Wikimedia Commons,,oenaoena
143,,Oriolus,oriolus,,Eurasian Golden Oriole,https://upload.wikimedia.org/wikipedia/commons/b/b4/Golden_Oriole_%28Oriolus_oriolus%29_%2843571340672%29.jpg,none,Wikimedia Commons,,orioorio
144,,Pandion,haliaetus,,Western Osprey,https://upload.wikimedia.org/wikipedia/commons/0/01/2010-kabini-osprey.jpg,none,Wikimedia Commons,,pandhali
145,,Phasianus,colchicus,,Common Pheasant,https://upload.wikimedia.org/wikipedia/commons/d/d7/Phasianus_colchicus_2_tom_%28Lukasz_Lukasik%29.jpg,none,Wikimedia Commons,,phascolc
146,,Phylloscopus,borealis,,Arctic Warbler,https://upload.wikimedia.org/wikipedia/commons/3/33/Arctic_Warbler_4683b.jpg,none,Wikimedia Commons,,phylbore
147,,Picoides,tridactylus,,Eurasian Three-toed Woodpecker,https://upload.wikimedia.org/wikipedia/commons/0/04/Three-toed_Woodpecker_-_Finlandia_0005_%283%29.jpg,none,Wikimedia Commons,,picotrid
148,,Pluvialis,squatarola,,Grey Plover,https://upload.wikimedia.org/wikipedia/commons/6/65/Black-bellied_Plover_%28Pluvialis_squatarola%29_RWD.jpg,none,Wikimedia Commons,,pluvsqua
149,,Porzana,porzana,,Spotted Crake,https://upload.wikimedia.org/wikipedia/commons/2/27/Australian_Crake_%28Porzana_fluminea%29_from_side.jpg,none,Wikimedia Commons,,porzporz
150,,Recurvirostra,avosetta,,Pied Avocet,https://upload.wikimedia.org/wikipedia/commons/c/c5/Pied_Avocet_Recurvirostra_avosetta.jpg,none,Wikimedia Commons,,recuavos
151,,Riparia,riparia,,Sand Martin,http://media.featherbase.info/images/000535_full.jpg,none,Featherbase,,riparipa
152,,Scolopax,rusticola,,Eurasian Woodcock,https://www.tiplingprints.com/p/424/woodcock-scolopax-rusticola-snow-norfolk-january-5198935.jpg.webp,none,David Tipling,,scolrust
153,,Sterna,paradisaea,,Arctic Tern,https://upload.wikimedia.org/wikipedia/commons/a/a4/Arctic_tern_%28Sterna_paradisaea%29_attacking%2C_Amsterdam_island%2C_Svalbard.jpg,none,Wikimedia Commons,,sterpara
154,,Streptopelia,decaocto,,Eurasian Collared Dove,https://upload.wikimedia.org/wikipedia/commons/0/0b/Eurasian_collared-dove_%28Streptopelia_decaocto%29.jpg,none,Wikimedia Commons,,stredeca
155,,Sturnus,unicolor,,Spotless Starling,https://upload.wikimedia.org/wikipedia/commons/a/a3/Estornino_Negro._Casa_de_Campo._Madrid_%283%29.jpg,none,Wikimedia Commons,,sturunic
156,,Sylvia,cantillans,,Subalpine Warbler,https://upload.wikimedia.org/wikipedia/commons/4/45/Sylvia_cantillans_espagne.jpg,none,Wikimedia Commons,,sylvcant
157,,Sylvia,nisoria,,Barred Warbler,https://www.naturephoto-cz.com/photos/mraz/sylvia-nisoria-57x_16a538.jpg,none,NaturePhoto,,sylvniso
158,,Sylvia,undata,,Dartford Warbler,https://upload.wikimedia.org/wikipedia/commons/9/9c/Sylvia_undata.jpg,none,Wikimedia Commons,,sylvunda
159,,Tringa,nebularia,,Common Greenshank,https://www.swiatobrazu.pl/picture/i/432/tie/jsf/21dd5_s_660_0_0_0_0_0_0_432tiejsf2n900gmv5o0im9qsspujw1dsuv1w5j3wv2on9284gzcuzsci8vryoug.jpeg,none,Rafal Szozda,,trinnebu
160,,Turdus,torquatus,,Ring Ouzel,https://upload.wikimedia.org/wikipedia/commons/3/32/Turdus_torquatus_1.jpg,none,Wikimedia Commons,,turdtorq
161,,Turdus,viscivorus,,Mistle Thrush,https://upload.wikimedia.org/wikipedia/commons/1/10/Mistle_Thrush_%28Turdus_viscivorus%29_%2833847459792%29.jpg,none,Wikimedia Commons,,turdvisc
162,,Upupa,epops,,Eurasian Hoopoe,https://upload.wikimedia.org/wikipedia/commons/2/2f/Common_Hoopoe_%28Upupa_epops%29_Photograph_by_Shantanu_Kuveskar.jpg,none,Wikimedia Commons,,upupepop
163,,Acanthis,flammea,,Common Redpoll,https://upload.wikimedia.org/wikipedia/commons/c/c6/Acanthis_flammea_-_Carduelis_flammea_-_Birkenzeisig.jpg,none,Wikimedia Commons,,acanflam
164,,Acrocephalus,melanopogon,,Moustached Warbler,https://observation.org/media/photo/011/594/11594404.jpg,none,Jonas Ghyselen,,acromela
165,,Alopochen,aegyptiaca,,Egyptian Goose,https://upload.wikimedia.org/wikipedia/commons/6/6a/Alopochen-aegyptiacus.jpg,none,Wikimedia Commons,,alopaegy
166,,Anas,crecca,,Eurasian Teal,https://upload.wikimedia.org/wikipedia/commons/c/c0/Eurasian_teal_%28Anas_crecca%29_Photograph_by_Shantanu_Kuveskar.jpg,none,Wikimedia Commons,,anascrec
167,,Anthus,cervinus,,Red-throated Pipit,https://upload.wikimedia.org/wikipedia/commons/7/75/Red-throated_Pipit.jpg,none,Wikimedia Commons,,anthcerv
168,,Anthus,petrosus,,Eurasian Rock Pipit,https://quiz.natureid.no/bird/db_media/eBook/2f8a40774b034f465b76527b4029c9d9c2df3988.jpg,none,BirdID,,anthpetr
169,,Anthus,richardi,,Richard's Pipit,https://upload.wikimedia.org/wikipedia/commons/5/50/Anthus_richardi_-_Laem_Pak_Bia.jpg,none,Wikimedia Commons,,anthrich
170,,Anthus,rubescens,,Buff-bellied Pipit,https://upload.wikimedia.org/wikipedia/commons/thumb/0/07/Anthus_rubescens_-Harney_County%2C_Oregon%2C_USA-8.jpg/1200px-Anthus_rubescens_-Harney_County%2C_Oregon%2C_USA-8.jpg,none,Wikimedia Commons,,anthrube
171,,Apus,pallidus,,Pallid Swift,https://upload.wikimedia.org/wikipedia/commons/3/3f/Apus_pallidus_-Greece-8.jpg,none,Wikimedia Commons,,apuspall
172,,Ardea,cinerea,,Grey Heron,https://upload.wikimedia.org/wikipedia/commons/0/09/Graureiher_Grey_Heron.jpg,none,Wikimedia Commons,,ardecine
173,,Arenaria,interpres,,Ruddy Turnstone,https://upload.wikimedia.org/wikipedia/commons/thumb/e/e9/Arenaria_interpres_%28habitus%29.jpg/1200px-Arenaria_interpres_%28habitus%29.jpg,none,Wikimedia Commons,,areninte
174,,Bubulcus,ibis,,Western Cattle Egret,https://upload.wikimedia.org/wikipedia/commons/thumb/a/a2/Cattle_Egret_%28Bubulcus_ibis%29_-Florida_Keys2.jpg/1200px-Cattle_Egret_%28Bubulcus_ibis%29_-Florida_Keys2.jpg,none,Wikimedia Commons,,bubuibis
175,,Calidris,melanotos,,Pectoral Sandpiper,https://upload.wikimedia.org/wikipedia/commons/1/17/Pectoral-Sandpiper017.jpg,none,Wikimedia Commons,,calimela
176,,Catharus,ustulatus,,Swainson's Thrush,https://upload.wikimedia.org/wikipedia/commons/thumb/3/35/Catharus_ustulatus_-North_Dakota-8a.jpg/1200px-Catharus_ustulatus_-North_Dakota-8a.jpg,none,Wikimedia Commons,,cathustu
177,,Cecropis,daurica,,Red-rumped Swallow,https://upload.wikimedia.org/wikipedia/commons/a/a1/Red-rumped_Swallow_%28Cecropis_daurica%29_Photograph_by_Shantanu_Kuveskar.jpg,none,Wikimedia Commons,,cecrdaur
178,,Ceryle,rudis,,Pied Kingfisher,https://upload.wikimedia.org/wikipedia/commons/e/e5/Ceryle_rudis_%28male%29.jpg,none,Wikimedia Commons,,ceryrudi
179,,Chlidonias,hybrida,,Whiskered Tern,https://upload.wikimedia.org/wikipedia/commons/thumb/1/17/Whiskered_tern_%28Chlidonias_hybrida_delalandii%29.jpg/1200px-Whiskered_tern_%28Chlidonias_hybrida_delalandii%29.jpg,none,Wikimedia Commons,,chlihybr
180,,Chlidonias,niger,,Black Tern,https://upload.wikimedia.org/wikipedia/commons/thumb/5/5e/%C4%8Cor%C3%ADk_%C4%8Dierny_%28Chlidonias_niger%29_a_%284644831482%29.jpg/1200px-%C4%8Cor%C3%ADk_%C4%8Dierny_%28Chlidonias_niger%29_a_%284644831482%29.jpg,none,Wikimedia Commons,,chlinige
181,,Chloris,chloris,,European Greenfinch,https://upload.wikimedia.org/wikipedia/commons/d/d8/European_greenfinch_%28Chloris_chloris_voousi%29_male.jpg,none,Wikimedia Commons,,chlochlo
182,,Chroicocephalus,genei,,Slender-billed Gull,https://upload.wikimedia.org/wikipedia/commons/e/e5/Larus_genei.jpg,none,Wikimedia Commons,,chrogene
183,,Chroicocephalus,ridibundus,,Black-headed Gull,https://upload.wikimedia.org/wikipedia/commons/2/29/Chroicocephalus_ridibundus_%28summer%29.jpg,none,Wikimedia Commons,,chroridi
184,,Cinclus,cinclus,,White-throated Dipper,https://upload.wikimedia.org/wikipedia/commons/b/bb/Cinclus_cinclus_2018.jpg,none,Wikimedia Commons,,cinccinc
185,,Corvus,cornix,,Hooded Crow,https://upload.wikimedia.org/wikipedia/commons/thumb/d/d7/Corvus_cornix_-perching-8.jpg/859px-Corvus_cornix_-perching-8.jpg,none,Wikimedia Commons,,corvcorn
186,,Corvus,corone,,Carrion Crow,https://upload.wikimedia.org/wikipedia/commons/a/a9/Corvus_corone_-near_Canford_Cliffs%2C_Poole%2C_England-8.jpg,none,Wikimedia Commons,,corvcoro
187,,Cyanistes,caeruleus,,Eurasian Blue Tit,https://upload.wikimedia.org/wikipedia/commons/thumb/2/29/ParusCaeruleus.jpg/1200px-ParusCaeruleus.jpg,none,Wikimedia Commons,,cyancaer
188,,Cygnus,columbianus,,Tundra Swan,https://upload.wikimedia.org/wikipedia/commons/a/a6/Cygnus_columbianus_bewickii_%28with_GPS%29.jpg,none,Wikimedia Commons,,cygncolu
189,,Dendrocopos,leucotos,,White-backed Woodpecker,http://ukrbin.com/files/med/51/23770287_940912792724674_925766641_o.jpg,none,Ukrainian Biodiversity Information,,dendleuc
190,,Dendrocopos,major,,Great Spotted Woodpecker,https://upload.wikimedia.org/wikipedia/commons/thumb/c/c5/Greater_Spotted_Woodpecker_%2841554059345%29.jpg/1200px-Greater_Spotted_Woodpecker_%2841554059345%29.jpg,none,Wikimedia Commons,,dendmajo
191,,Emberiza,pusilla,,Little Bunting,https://eunis.eea.europa.eu/images/species//1026/emberiza_pusilla_anselma.jpg,none,EUNIS,,embepusi
192,,Ficedula,albicollis,,Collared Flycatcher,http://media.featherbase.info/images/000667_full.jpg,none,Featherbase,,ficealbi
193,,Gallinago,gallinago,,Common Snipe,https://upload.wikimedia.org/wikipedia/commons/d/d5/Gallinago_gallinago_a1.JPG,none,Wikimedia Commons,,gallgall
194,,Gelochelidon,nilotica,,Gull-billed Tern,https://upload.wikimedia.org/wikipedia/commons/a/a4/Gelochelidon_nilotica_vanrossemi.jpg,none,Wikimedia Commons,,gelonilo
195,,Haematopus,ostralegus,,Eurasian Oystercatcher,https://upload.wikimedia.org/wikipedia/commons/4/41/Eurasian_Oystercatcher_Haematopus_ostralegus.jpg,none,Wikimedia Commons,,haemostr
196,,Hydroprogne,caspia,,Caspian Tern,https://quiz.natureid.no/bird/db_media/eBook/9494a584c7e4391bb920c4bc657fc5bb68202e8f.jpg,none,BirdID,,hydrcasp
197,,Ixobrychus,minutus,,Little Bittern,https://upload.wikimedia.org/wikipedia/commons/4/49/Zwergdommel.jpg,none,Wikimedia Commons,,ixobminu
198,,Larus,michahellis,,Yellow-legged Gull,https://upload.wikimedia.org/wikipedia/commons/thumb/f/fe/2004-04-10_Larus_michahellis_ad.jpg/1200px-2004-04-10_Larus_michahellis_ad.jpg,none,Wikimedia Commons,,larumich
199,,Linaria,cannabina,,Common Linnet,https://upload.wikimedia.org/wikipedia/commons/b/bd/Common_linnet_%28Linaria_cannabina_mediterranea%29_female.jpg,none,Wikimedia Commons,,linacann
200,,Linaria,flavirostris,,Twite,https://www.avionary.info/wp-content/uploads/2018/12/72402.jpg,none,Avionary,,linaflav
201,,Lophophanes,cristatus,,European Crested Tit,https://upload.wikimedia.org/wikipedia/commons/f/f2/Lophophanes_cristatus_Luc_Viatour_5.jpg,none,Wikimedia Commons,,lophcris
202,,Loxia,pytyopsittacus,,Parrot Crossbill,https://russia.birds.watch/taxons/776/fronpic1.jpg,none,Birds of Russia,,loxipyty
203,,Panurus,biarmicus,,Bearded Reedling,https://upload.wikimedia.org/wikipedia/commons/9/94/Panurus_biarmicus_-Oare_Marshes%2C_Kent%2C_England_-male-8_%283%29.jpg,none,Wikimedia Commons,,panubiar
204,,Perdix,perdix,,Grey Partridge,https://i.guim.co.uk/img/media/e4c751f8e5382feac5800c30f10d3443c4081237/0_192_4960_2976/master/4960.jpg?width=1200&height=1200&quality=85&auto=format&fit=crop&s=a6aba588d9f6295bf49264d3bd0f631e,none,The Guardian,,perdperd
205,,Periparus,ater,,Coal Tit,https://upload.wikimedia.org/wikipedia/commons/e/ee/Coal_tit_%28Periparus_ater%29_on_line.jpeg,none,Wikimedia Commons,,periater
206,,Petronia,petronia,,Rock Sparrow,https://www.oiseaux.net/photos/marc.fasol/images/moineau.soulcie.mafa.7g.jpg,none,Oiseaux,,petrpetr
207,,Phoenicopterus,roseus,,Greater Flamingo,https://upload.wikimedia.org/wikipedia/commons/a/a9/Flamant_rose_Salines_de_Thyna.jpg,none,Wikimedia Commons,,phoerose
208,,Phylloscopus,fuscatus,,Dusky Warbler,https://upload.wikimedia.org/wikipedia/commons/9/96/Phylloscopus_fuscatus.jpg,none,Wikimedia Commons,,phylfusc
209,,Phylloscopus,humei,,Hume's Leaf Warbler,https://cdn.download.ams.birds.cornell.edu/api/v1/asset/140472201/1800,none,BirdID,,phylhume
210,,Phylloscopus,inornatus,,Yellow-browed Warbler,https://a4.pbase.com/o9/55/750355/1/158110476.HAfWWHgg.IMG_7107.JPG,none,Pbase,,phylinor
211,,Phylloscopus,proregulus,,Pallas's Leaf Warbler,https://www.oiseaux.net/photos/frederic.pelsy/images/pouillot.de.pallas.frpe.1g.jpg,none,Oiseaux,,phylpror
212,,Plectrophenax,nivalis,,Snow Bunting,https://upload.wikimedia.org/wikipedia/commons/thumb/5/57/Snow_Bunting_%28Plectrophenax_nivalis%29%2C_Thule%2C_Greenland_1.jpg/1200px-Snow_Bunting_%28Plectrophenax_nivalis%29%2C_Thule%2C_Greenland_1.jpg,none,Wikimedia Commons,,plecniva
213,,Podiceps,cristatus,,Great Crested Grebe,https://upload.wikimedia.org/wikipedia/commons/thumb/f/fb/Great_Crested_Grebe_1_-_Penrith.jpg/1200px-Great_Crested_Grebe_1_-_Penrith.jpg,none,Wikimedia Commons,,podicris
214,,Poecile,montanus,,Willow Tit,https://upload.wikimedia.org/wikipedia/commons/1/13/Poecile_montanus_kleinschmidti.jpg,none,Wikimedia Commons,,poecmont
215,,Poecile,palustris,,Marsh Tit,https://upload.wikimedia.org/wikipedia/commons/3/3a/Parus_palustris02.jpg,none,Wikimedia Commons,,poecpalu
216,,Spinus,spinus,,Eurasian Siskin,https://www.oiseaux.net/photos/herve.enoch/images/tarin.des.aulnes.heen.4g.jpg,none,Oiseaux,,spinspin
217,,Sternula,albifrons,,Little Tern,https://upload.wikimedia.org/wikipedia/commons/c/c7/Charrancito_Sternula_albifrons_1.jpg,none,Wikimedia Commons,,steralbi
218,,Strix,uralensis,,Ural Owl,https://upload.wikimedia.org/wikipedia/commons/thumb/d/d0/Strix_uralensis.jpg/1200px-Strix_uralensis.jpg,none,Wikimedia Commons,,striural
219,,Sylvia,conspicillata,,Spectacled Warbler,https://upload.wikimedia.org/wikipedia/commons/1/1f/Curruca_tomillera_Sylvia_conspicillata_orbitalis%2C_Ssp._%285650054402%29.jpg,none,Wikimedia Commons,,sylvcons
220,,Tadorna,tadorna,,Common Shelduck,https://upload.wikimedia.org/wikipedia/commons/e/ea/Common_Shelduck_%28Tadorna_tadorna%29_at_Sylvan_Heights.jpg,none,Wikimedia Commons,,tadotado
221,,Tarsiger,cyanurus,,Red-flanked Bluetail,https://upload.wikimedia.org/wikipedia/commons/thumb/6/64/Tarsiger_cyanurus_%28male_capturing_insect%29.jpg/1200px-Tarsiger_cyanurus_%28male_capturing_insect%29.jpg,none,Wikimedia Commons,,tarscyan
222,,Tetrastes,bonasia,,Hazel Grouse,https://quiz.natureid.no/bird/db_media/eBook/e813df6f7376e1d1c9792317829b7c1231ff702f.jpg,none,BirdIF,,tetrbona
223,,Thalasseus,sandvicensis,,Sandwich Tern,https://cdn.download.ams.birds.cornell.edu/api/v1/asset/190695691/320,none,Cornell,,thalsand
224,,Accipiter,cooperii,,Cooper's Hawk,https://via.placeholder.com/400x600.png?text=This+Birb+is+going+to+be+here+soon,,,,accicoop
225,,Aegolius,acadicus,,Northern Saw-whet Owl,https://via.placeholder.com/400x600.png?text=This+Birb+is+going+to+be+here+soon,,,,aegoacad
226,,Agelaius,phoeniceus,,Red-winged Blackbird,https://via.placeholder.com/400x600.png?text=This+Birb+is+going+to+be+here+soon,,,,agelphoe
227,,Ammodramus,savannarum,,Grasshopper Sparrow,https://via.placeholder.com/400x600.png?text=This+Birb+is+going+to+be+here+soon,,,,ammosava
228,,Amphispiza,bilineata,,Black-throated Sparrow,https://via.placeholder.com/400x600.png?text=This+Birb+is+going+to+be+here+soon,,,,amphbili
229,,Anser,brachyrhynchus,,Pink-footed Goose,https://via.placeholder.com/400x600.png?text=This+Birb+is+going+to+be+here+soon,,,,ansebrac
230,,Anthus,hodgsoni,,Olive-backed Pipit,https://via.placeholder.com/400x600.png?text=This+Birb+is+going+to+be+here+soon,,,,anthhodg
231,,Aramus,guarauna,,Limpkin,https://via.placeholder.com/400x600.png?text=This+Birb+is+going+to+be+here+soon,,,,aramguar
232,,Ardea,alba,,Great Egret,https://via.placeholder.com/400x600.png?text=This+Birb+is+going+to+be+here+soon,,,,ardealba
233,,Asio,flammeus,,Short-eared Owl,https://via.placeholder.com/400x600.png?text=This+Birb+is+going+to+be+here+soon,,,,asioflam
234,,Athene,cunicularia,,Burrowing Owl,https://via.placeholder.com/400x600.png?text=This+Birb+is+going+to+be+here+soon,,,,athecuni
235,,Auriparus,flaviceps,,Verdin,https://via.placeholder.com/400x600.png?text=This+Birb+is+going+to+be+here+soon,,,,auriflav
236,,Aythya,fuligula,,Tufted Duck,https://via.placeholder.com/400x600.png?text=This+Birb+is+going+to+be+here+soon,,,,aythfuli
237,,Baeolophus,bicolor,,Tufted Titmouse,https://via.placeholder.com/400x600.png?text=This+Birb+is+going+to+be+here+soon,,,,baeobico
238,,Basileuterus,culicivorus,,Golden-crowned Warbler,https://via.placeholder.com/400x600.png?text=This+Birb+is+going+to+be+here+soon,,,,basiculi
239,,Basileuterus,rufifrons,,Rufous-capped Warbler,https://via.placeholder.com/400x600.png?text=This+Birb+is+going+to+be+here+soon,,,,basirufi
240,,Branta,bernicla,,Brant Goose,https://via.placeholder.com/400x600.png?text=This+Birb+is+going+to+be+here+soon,,,,branbern
241,,Bubo,virginianus,,Great Horned Owl,https://via.placeholder.com/400x600.png?text=This+Birb+is+going+to+be+here+soon,,,,bubovirg
242,,Bucephala,clangula,,Common Goldeneye,https://via.placeholder.com/400x600.png?text=This+Birb+is+going+to+be+here+soon,,,,buceclan
243,,Calidris,alba,,Sanderling,https://via.placeholder.com/400x600.png?text=This+Birb+is+going+to+be+here+soon,,,,calialba
244,,Callipepla,californica,,California Quail,https://via.placeholder.com/400x600.png?text=This+Birb+is+going+to+be+here+soon,,,,callcali
245,,Calypte,anna,,Anna's Hummingbird,https://via.placeholder.com/400x600.png?text=This+Birb+is+going+to+be+here+soon,,,,calyanna
246,,Campylorhynchus,brunneicapillus,,Cactus Wren,https://via.placeholder.com/400x600.png?text=This+Birb+is+going+to+be+here+soon,,,,campbrun
247,,Catharus,fuscescens,,Veery,https://via.placeholder.com/400x600.png?text=This+Birb+is+going+to+be+here+soon,,,,cathfusc
248,,Catharus,guttatus,,Hermit Thrush,https://via.placeholder.com/400x600.png?text=This+Birb+is+going+to+be+here+soon,,,,cathgutt
249,,Catherpes,mexicanus,,Canyon Wren,https://via.placeholder.com/400x600.png?text=This+Birb+is+going+to+be+here+soon,,,,cathmexi
250,,Certhia,americana,,Brown Creeper,https://via.placeholder.com/400x600.png?text=This+Birb+is+going+to+be+here+soon,,,,certamer
251,,Charadrius,alexandrinus,,Kentish Plover,https://via.placeholder.com/400x600.png?text=This+Birb+is+going+to+be+here+soon,,,,charalex
252,,Charadrius,morinellus,,Eurasian Dotterel,https://via.placeholder.com/400x600.png?text=This+Birb+is+going+to+be+here+soon,,,,charmori
253,,Charadrius,vociferus,,Killdeer,https://via.placeholder.com/400x600.png?text=This+Birb+is+going+to+be+here+soon,,,,charvoci
254,,Cistothorus,palustris,,Marsh Wren,https://via.placeholder.com/400x600.png?text=This+Birb+is+going+to+be+here+soon,,,,cistpalu
255,,Cistothorus,platensis,,Grass Wren,https://via.placeholder.com/400x600.png?text=This+Birb+is+going+to+be+here+soon,,,,cistplat
256,,Coereba,flaveola,,Bananaquit,https://via.placeholder.com/400x600.png?text=This+Birb+is+going+to+be+here+soon,,,,coerflav
257,,Colaptes,auratus,,Northern Flicker,https://via.placeholder.com/400x600.png?text=This+Birb+is+going+to+be+here+soon,,,,colaaura
258,,Columba,livia,,Rock Dove,https://via.placeholder.com/400x600.png?text=This+Birb+is+going+to+be+here+soon,,,,colulivi
259,,Contopus,sordidulus,,Western Wood Pewee,https://via.placeholder.com/400x600.png?text=This+Birb+is+going+to+be+here+soon,,,,contsord
260,,Contopus,virens,,Eastern Wood Pewee,https://via.placeholder.com/400x600.png?text=This+Birb+is+going+to+be+here+soon,,,,contvire
261,,Corvus,brachyrhynchos,,American Crow,https://via.placeholder.com/400x600.png?text=This+Birb+is+going+to+be+here+soon,,,,corvbrac
262,,Crotophaga,ani,,Smooth-billed Ani,https://via.placeholder.com/400x600.png?text=This+Birb+is+going+to+be+here+soon,,,,crotani
263,,Cyanocitta,cristata,,Blue Jay,https://via.placeholder.com/400x600.png?text=This+Birb+is+going+to+be+here+soon,,,,cyancris
264,,Cyanocitta,stelleri,,Steller's Jay,https://via.placeholder.com/400x600.png?text=This+Birb+is+going+to+be+here+soon,,,,cyanstel
265,,Cyanocorax,yncas,,Inca Jay,https://via.placeholder.com/400x600.png?text=This+Birb+is+going+to+be+here+soon,,,,cyanynca
266,,Dendrocygna,autumnalis,,Black-bellied Whistling Duck,https://via.placeholder.com/400x600.png?text=This+Birb+is+going+to+be+here+soon,,,,dendautu
267,,Dolichonyx,oryzivorus,,Bobolink,https://via.placeholder.com/400x600.png?text=This+Birb+is+going+to+be+here+soon,,,,dolioryz
268,,Dryocopus,pileatus,,Pileated Woodpecker,https://via.placeholder.com/400x600.png?text=This+Birb+is+going+to+be+here+soon,,,,dryopile
269,,Dumetella,carolinensis,,Grey Catbird,https://via.placeholder.com/400x600.png?text=This+Birb+is+going+to+be+here+soon,,,,dumecaro
270,,Empidonax,difficilis,,Pacific-slope Flycatcher,https://via.placeholder.com/400x600.png?text=This+Birb+is+going+to+be+here+soon,,,,empidiff
271,,Empidonax,minimus,,Least Flycatcher,https://via.placeholder.com/400x600.png?text=This+Birb+is+going+to+be+here+soon,,,,empimini
272,,Empidonax,occidentalis,,Cordilleran Flycatcher,https://via.placeholder.com/400x600.png?text=This+Birb+is+going+to+be+here+soon,,,,empiocci
273,,Empidonax,virescens,,Acadian Flycatcher,https://via.placeholder.com/400x600.png?text=This+Birb+is+going+to+be+here+soon,,,,empivire
274,,Falco,subbuteo,,Eurasian Hobby,https://via.placeholder.com/400x600.png?text=This+Birb+is+going+to+be+here+soon,,,,falcsubb
275,,Ficedula,narcissina,,Narcissus Flycatcher,https://via.placeholder.com/400x600.png?text=This+Birb+is+going+to+be+here+soon,,,,ficenarc
276,,Fulica,americana,,American Coot,https://via.placeholder.com/400x600.png?text=This+Birb+is+going+to+be+here+soon,,,,fuliamer
277,,Gavia,stellata,,Red-throated Loon,https://via.placeholder.com/400x600.png?text=This+Birb+is+going+to+be+here+soon,,,,gavistel
278,,Geothlypis,trichas,,Common Yellowthroat,https://via.placeholder.com/400x600.png?text=This+Birb+is+going+to+be+here+soon,,,,geottric
279,,Glaucidium,brasilianum,,Ferruginous Pygmy Owl,https://via.placeholder.com/400x600.png?text=This+Birb+is+going+to+be+here+soon,,,,glaubras
280,,Haematopus,palliatus,,American Oystercatcher,https://via.placeholder.com/400x600.png?text=This+Birb+is+going+to+be+here+soon,,,,haempall
281,,Haliaeetus,albicilla,,White-tailed Eagle,https://via.placeholder.com/400x600.png?text=This+Birb+is+going+to+be+here+soon,,,,halialbi
282,,Himantopus,mexicanus,,Black-necked Stilt,https://via.placeholder.com/400x600.png?text=This+Birb+is+going+to+be+here+soon,,,,himamexi
283,,Hylocichla,mustelina,,Wood Thrush,https://via.placeholder.com/400x600.png?text=This+Birb+is+going+to+be+here+soon,,,,hylomust
284,,Icterus,galbula,,Baltimore Oriole,https://via.placeholder.com/400x600.png?text=This+Birb+is+going+to+be+here+soon,,,,ictegalb
285,,Icteria,virens,,Yellow-breasted Chat,https://via.placeholder.com/400x600.png?text=This+Birb+is+going+to+be+here+soon,,,,ictevire
286,,Junco,hyemalis,,Dark-eyed Junco,https://via.placeholder.com/400x600.png?text=This+Birb+is+going+to+be+here+soon,,,,junchyem
287,,Lagopus,lagopus,,Willow Ptarmigan,https://via.placeholder.com/400x600.png?text=This+Birb+is+going+to+be+here+soon,,,,lagolago
288,,Lanius,ludovicianus,,Loggerhead Shrike,https://via.placeholder.com/400x600.png?text=This+Birb+is+going+to+be+here+soon,,,,laniludo
289,,Leptotila,verreauxi,,White-tipped Dove,https://via.placeholder.com/400x600.png?text=This+Birb+is+going+to+be+here+soon,,,,leptverr
290,,Melanotis,caerulescens,,Blue Mockingbird,https://via.placeholder.com/400x600.png?text=This+Birb+is+going+to+be+here+soon,,,,melacaer
291,,Melanerpes,carolinus,,Red-bellied Woodpecker,https://via.placeholder.com/400x600.png?text=This+Birb+is+going+to+be+here+soon,,,,melacaro
292,,Melanerpes,formicivorus,,Acorn Woodpecker,https://via.placeholder.com/400x600.png?text=This+Birb+is+going+to+be+here+soon,,,,melaform
293,,Melanitta,nigra,,Common Scoter,https://via.placeholder.com/400x600.png?text=This+Birb+is+going+to+be+here+soon,,,,melanigr
294,,Melospiza,lincolnii,,Lincoln's Sparrow,https://via.placeholder.com/400x600.png?text=This+Birb+is+going+to+be+here+soon,,,,melolinc
295,,Melospiza,melodia,,Song Sparrow,https://via.placeholder.com/400x600.png?text=This+Birb+is+going+to+be+here+soon,,,,melomelo
296,,Micrastur,semitorquatus,,Collared Forest Falcon,https://via.placeholder.com/400x600.png?text=This+Birb+is+going+to+be+here+soon,,,,micrsemi
297,,Mimus,polyglottos,,Northern Mockingbird,https://via.placeholder.com/400x600.png?text=This+Birb+is+going+to+be+here+soon,,,,mimupoly
298,,Mniotilta,varia,,Black-and-white Warbler,https://via.placeholder.com/400x600.png?text=This+Birb+is+going+to+be+here+soon,,,,mniovari
299,,Molothrus,ater,,Brown-headed Cowbird,https://via.placeholder.com/400x600.png?text=This+Birb+is+going+to+be+here+soon,,,,moloater
300,,Molothrus,bonariensis,,Shiny Cowbird,https://via.placeholder.com/400x600.png?text=This+Birb+is+going+to+be+here+soon,,,,molobona
301,,Motacilla,citreola,,Citrine Wagtail,https://via.placeholder.com/400x600.png?text=This+Birb+is+going+to+be+here+soon,,,,motacitr
302,,Muscicapa,dauurica,,Asian Brown Flycatcher,https://via.placeholder.com/400x600.png?text=This+Birb+is+going+to+be+here+soon,,,,muscdauu
303,,Myiarchus,crinitus,,Great Crested Flycatcher,https://via.placeholder.com/400x600.png?text=This+Birb+is+going+to+be+here+soon,,,,myiacrin
304,,Myiarchus,tuberculifer,,Dusky-capped Flycatcher,https://via.placeholder.com/400x600.png?text=This+Birb+is+going+to+be+here+soon,,,,myiatube
305,,Myiarchus,tyrannulus,,Brown-crested Flycatcher,https://via.placeholder.com/400x600.png?text=This+Birb+is+going+to+be+here+soon,,,,myiatyra
306,,Myioborus,miniatus,,Slate-throated Whitestart,https://via.placeholder.com/400x600.png?text=This+Birb+is+going+to+be+here+soon,,,,myiomini
307,,Myiopsitta,monachus,,Monk Parakeet,https://via.placeholder.com/400x600.png?text=This+Birb+is+going+to+be+here+soon,,,,myiomona
308,,Myioborus,pictus,,Painted Whitestart,https://via.placeholder.com/400x600.png?text=This+Birb+is+going+to+be+here+soon,,,,myiopict
309,,Myiopagis,viridicata,,Greenish Elaenia,https://via.placeholder.com/400x600.png?text=This+Birb+is+going+to+be+here+soon,,,,myioviri
310,,Nucifraga,columbiana,,Clark's Nutcracker,https://via.placeholder.com/400x600.png?text=This+Birb+is+going+to+be+here+soon,,,,nucicolu
311,,Nyctidromus,albicollis,,Pauraque,https://via.placeholder.com/400x600.png?text=This+Birb+is+going+to+be+here+soon,,,,nyctalbi
312,,Passerina,cyanea,,Indigo Bunting,https://via.placeholder.com/400x600.png?text=This+Birb+is+going+to+be+here+soon,,,,passcyan
313,,Passerella,iliaca,,Red Fox Sparrow,https://via.placeholder.com/400x600.png?text=This+Birb+is+going+to+be+here+soon,,,,passilia
314,,Passerculus,sandwichensis,,Savannah Sparrow,https://via.placeholder.com/400x600.png?text=This+Birb+is+going+to+be+here+soon,,,,passsand
315,,Phalacrocorax,carbo,,Great Cormorant,https://via.placeholder.com/400x600.png?text=This+Birb+is+going+to+be+here+soon,,,,phalcarb
316,,Pheucticus,melanocephalus,,Black-headed Grosbeak,https://via.placeholder.com/400x600.png?text=This+Birb+is+going+to+be+here+soon,,,,pheumela
317,,Pipilo,chlorurus,,Green-tailed Towhee,https://via.placeholder.com/400x600.png?text=This+Birb+is+going+to+be+here+soon,,,,pipichlo
318,,Pipilo,erythrophthalmus,,Eastern Towhee,https://via.placeholder.com/400x600.png?text=This+Birb+is+going+to+be+here+soon,,,,pipieryt
319,,Pipilo,maculatus,,Spotted Towhee,https://via.placeholder.com/400x600.png?text=This+Birb+is+going+to+be+here+soon,,,,pipimacu
320,,Piranga,rubra,,Summer Tanager,https://via.placeholder.com/400x600.png?text=This+Birb+is+going+to+be+here+soon,,,,pirarubr
321,,Pitangus,sulphuratus,,Great Kiskadee,https://via.placeholder.com/400x600.png?text=This+Birb+is+going+to+be+here+soon,,,,pitasulp
322,,Podilymbus,podiceps,,Pied-billed Grebe,https://via.placeholder.com/400x600.png?text=This+Birb+is+going+to+be+here+soon,,,,podipodi
323,,Poecile,atricapillus,,Black-capped Chickadee,https://via.placeholder.com/400x600.png?text=This+Birb+is+going+to+be+here+soon,,,,poecatri
324,,Poecile,carolinensis,,Carolina Chickadee,https://via.placeholder.com/400x600.png?text=This+Birb+is+going+to+be+here+soon,,,,poeccaro
325,,Poecile,gambeli,,Mountain Chickadee,https://via.placeholder.com/400x600.png?text=This+Birb+is+going+to+be+here+soon,,,,poecgamb
326,,Polioptila,caerulea,,Blue-grey Gnatcatcher,https://via.placeholder.com/400x600.png?text=This+Birb+is+going+to+be+here+soon,,,,policaer
327,,Pooecetes,gramineus,,Vesper Sparrow,https://via.placeholder.com/400x600.png?text=This+Birb+is+going+to+be+here+soon,,,,pooegram
328,,Psaltriparus,minimus,,American Bushtit,https://via.placeholder.com/400x600.png?text=This+Birb+is+going+to+be+here+soon,,,,psalmini
329,,Pycnonotus,jocosus,,Red-whiskered Bulbul,https://via.placeholder.com/400x600.png?text=This+Birb+is+going+to+be+here+soon,,,,pycnjoco
330,,Quiscalus,mexicanus,,Great-tailed Grackle,https://via.placeholder.com/400x600.png?text=This+Birb+is+going+to+be+here+soon,,,,quismexi
331,,Quiscalus,quiscula,,Common Grackle,https://via.placeholder.com/400x600.png?text=This+Birb+is+going+to+be+here+soon,,,,quisquis
332,,Regulus,calendula,,Ruby-crowned Kinglet,https://via.placeholder.com/400x600.png?text=This+Birb+is+going+to+be+here+soon,,,,regucale
333,,Regulus,satrapa,,Golden-crowned Kinglet,https://via.placeholder.com/400x600.png?text=This+Birb+is+going+to+be+here+soon,,,,regusatr
334,,Salpinctes,obsoletus,,Rock Wren,https://via.placeholder.com/400x600.png?text=This+Birb+is+going+to+be+here+soon,,,,salpobso
335,,Sayornis,nigricans,,Black Phoebe,https://via.placeholder.com/400x600.png?text=This+Birb+is+going+to+be+here+soon,,,,sayonigr
336,,Setophaga,ruticilla,,American Redstart,https://via.placeholder.com/400x600.png?text=This+Birb+is+going+to+be+here+soon,,,,setoruti
337,,Sitta,canadensis,,Red-breasted Nuthatch,https://via.placeholder.com/400x600.png?text=This+Birb+is+going+to+be+here+soon,,,,sittcana
338,,Sitta,carolinensis,,White-breasted Nuthatch,https://via.placeholder.com/400x600.png?text=This+Birb+is+going+to+be+here+soon,,,,sittcaro
339,,Spizella,breweri,,Brewer's Sparrow,https://via.placeholder.com/400x600.png?text=This+Birb+is+going+to+be+here+soon,,,,spizbrew
340,,Spizella,passerina,,Chipping Sparrow,https://via.placeholder.com/400x600.png?text=This+Birb+is+going+to+be+here+soon,,,,spizpass
341,,Streptopelia,turtur,,European Turtle Dove,https://via.placeholder.com/400x600.png?text=This+Birb+is+going+to+be+here+soon,,,,streturt
342,,Strix,varia,,Barred Owl,https://via.placeholder.com/400x600.png?text=This+Birb+is+going+to+be+here+soon,,,,strivari
343,,Sturnella,magna,,Eastern Meadowlark,https://via.placeholder.com/400x600.png?text=This+Birb+is+going+to+be+here+soon,,,,sturmagn
344,,Sturnella,neglecta,,Western Meadowlark,https://via.placeholder.com/400x600.png?text=This+Birb+is+going+to+be+here+soon,,,,sturnegl
345,,Thryomanes,bewickii,,Bewick's Wren,https://via.placeholder.com/400x600.png?text=This+Birb+is+going+to+be+here+soon,,,,thrybewi
346,,Thryothorus,ludovicianus,,Carolina Wren,https://via.placeholder.com/400x600.png?text=This+Birb+is+going+to+be+here+soon,,,,thryludo
347,,Toxostoma,curvirostre,,Curve-billed Thrasher,https://via.placeholder.com/400x600.png?text=This+Birb+is+going+to+be+here+soon,,,,toxocurv
348,,Tringa,erythropus,,Spotted Redshank,https://via.placeholder.com/400x600.png?text=This+Birb+is+going+to+be+here+soon,,,,trineryt
349,,Tringa,flavipes,,Lesser Yellowlegs,https://via.placeholder.com/400x600.png?text=This+Birb+is+going+to+be+here+soon,,,,trinflav
350,,Tringa,melanoleuca,,Greater Yellowlegs,https://via.placeholder.com/400x600.png?text=This+Birb+is+going+to+be+here+soon,,,,trinmela
351,,Troglodytes,aedon,,House Wren,https://via.placeholder.com/400x600.png?text=This+Birb+is+going+to+be+here+soon,,,,trogaedo
352,,Turdus,grayi,,Clay-colored Thrush,https://via.placeholder.com/400x600.png?text=This+Birb+is+going+to+be+here+soon,,,,turdgray
353,,Turdus,migratorius,,American Robin,https://via.placeholder.com/400x600.png?text=This+Birb+is+going+to+be+here+soon,,,,turdmigr
354,,Tyrannus,melancholicus,,Tropical Kingbird,https://via.placeholder.com/400x600.png?text=This+Birb+is+going+to+be+here+soon,,,,tyramela
355,,Tyrannus,vociferans,,Cassin's Kingbird,https://via.placeholder.com/400x600.png?text=This+Birb+is+going+to+be+here+soon,,,,tyravoci
356,,Vireo,bellii,,Bell's Vireo,https://via.placeholder.com/400x600.png?text=This+Birb+is+going+to+be+here+soon,,,,virebell
357,,Vireo,gilvus,,Warbling Vireo,https://via.placeholder.com/400x600.png?text=This+Birb+is+going+to+be+here+soon,,,,viregilv
358,,Vireo,griseus,,White-eyed Vireo,https://via.placeholder.com/400x600.png?text=This+Birb+is+going+to+be+here+soon,,,,viregris
359,,Vireo,huttoni,,Hutton's Vireo,https://via.placeholder.com/400x600.png?text=This+Birb+is+going+to+be+here+soon,,,,virehutt
360,,Vireo,olivaceus,,Red-eyed Vireo,https://via.placeholder.com/400x600.png?text=This+Birb+is+going+to+be+here+soon,,,,vireoliv
361,,Vireo,solitarius,,Blue-headed Vireo,https://via.placeholder.com/400x600.png?text=This+Birb+is+going+to+be+here+soon,,,,viresoli
362,,Zonotrichia,albicollis,,White-throated Sparrow,https://via.placeholder.com/400x600.png?text=This+Birb+is+going+to+be+here+soon,,,,zonoalbi
363,,Zonotrichia,atricapilla,,Golden-crowned Sparrow,https://via.placeholder.com/400x600.png?text=This+Birb+is+going+to+be+here+soon,,,,zonoatri
364,,Zonotrichia,leucophrys,,White-crowned Sparrow,https://via.placeholder.com/400x600.png?text=This+Birb+is+going+to+be+here+soon,,,,zonoleuc
